ID,PRODUCT
CS-102,剧林
CS-102,剧林
CS-103,家促
CS-103,农贰目
CS-103,钙林
CS-104,农贰目
CS-104,钙林
CS-106,剧林
CS-106,农贰目
CS-107,钙林
CS-107,妮扼
CS-108,钙林
CS-109,家促
CS-109,剧林
CS-109,农贰目
CS-109,钙林
CS-110,钙林
CS-111,钙林
CS-111,妮扼
CS-113,钙林
CS-113,妮扼
CS-114,剧林
CS-114,妮扼
CS-114,钙林
CS-115,家促
CS-115,剧林
CS-115,农贰目
CS-115,钙林
CS-116,剧林
CS-117,钙林
CS-117,妮扼
CS-118,剧林
CS-118,妮扼
CS-120,钙林
CS-120,农贰目
CS-122,家促
CS-122,农贰目
CS-122,钙林
CS-122,剧林
CS-123,家促
CS-123,剧林
CS-123,农贰目
CS-123,钙林
CS-124,钙林
CS-124,家促
CS-125,剧林
CS-125,农贰目
CS-125,家促
CS-126,农贰目
CS-127,剧林
CS-127,妮扼
CS-128,家促
CS-128,剧林
CS-128,农贰目
CS-128,钙林
CS-128,妮扼
CS-129,剧林
CS-129,妮扼
CS-130,农贰目
CS-130,钙林
CS-131,家促
CS-131,农贰目
CS-131,钙林
CS-133,家促
CS-133,剧林
CS-133,农贰目
CS-133,钙林
CS-134,钙林
CS-135,钙林
CS-135,妮扼
CS-136,剧林
CS-136,妮扼
CS-136,农贰目
CS-138,钙林
CS-138,妮扼
CS-139,农贰目
CS-139,钙林
CS-140,钙林
CS-141,家促
CS-141,剧林
CS-141,农贰目
CS-141,钙林
CS-142,钙林
CS-142,妮扼
CS-142,家促
CS-143,农贰目
CS-143,钙林
CS-143,妮扼
CS-144,钙林
CS-144,剧林
CS-145,妮扼
CS-145,钙林
CS-146,农贰目
CS-146,钙林
CS-147,家促
CS-147,剧林
CS-147,农贰目
CS-147,钙林
CS-148,剧林
CS-148,妮扼
CS-148,家促
CS-149,农贰目
CS-149,钙林
CS-150,家促
CS-150,农贰目
